C,R
Am a Christian/Jew/Muslim/Atheist.,
Am a baker,
Am a businessman/businesswoman.,
Am a citizen.,
,Am a friend
,Am a friend.
Am a hobbyist.,
Am a member of a faith community,
Am a musician,
,Am a neighbor.
,Am a parent
Am a scientist,
,Am a sibling
,Am a son/daughter/parent.
Am a student.,
Am a traveler,
Am a volunteer.,
Am an athlete,
Am an athlete/artist/musician.,
Am an educator,
I am  a gamer.,
I am  a human being.,
,I am  a mom.
I am 18 years old.,
I am 20 years old.,
I am 23 years old.,
I am 25 years old.,
I am 25-years-old.,
I am 27 years old.,
I am African American,
I am African American.,
I am African-American.,
I am American,
I am American or Canadian.,
I am American.,
I am Asian.,
I am Asian/African American/Caucasian/Latino/Native American.,
I am Black.,
I am Buddhist.,
I am Canadian,
I am Catholic,
I am Catholic or Protestant.,
I am Catholic.,
I am Catholic/Christian/Jewish/Muslim/Hindu/etc.,
I am Caucasian or African-American.,
I am Caucasian.,
I am Christian,
I am Christian.,
I am Christian/Muslim/Jewish/Hindu/etc.,
I am European.,
I am Female,
I am French-Canadian.,
I am Hindu,
I am Hispanic,
I am Hispanic.,
I am Italian American.,
I am Jewish.,
I am Jewish/Catholic/Muslim.,
I am LGBT+.,
I am LGBTQ+,
I am LGBTQ+.,
I am LGBTQ.,
I am Latina.,
I am Latino/Hispanic.,
"I am Lesbian, Gay, Bisexual, Transgender, or Queer/Questioning (LGBTQ).",
I am Male,
I am Male.,
I am Muslim,
I am a  student.,
I am a 21 year old college student.,
I am a 23 year old female.,
I am a 26-year-old,
I am a 40-something.,
I am a Baseball Fan.,
I am a Brooklynite.,
I am a Business Owner.,
I am a Canadian/American/etc. citizen.,
I am a Catholic,
I am a Catholic.,
I am a Catholic/Protestant/Jewish/Atheist/other religion.,
I am a Caucasian.,
I am a Christian,
I am a Christian or a follower of another faith.,
I am a Christian or other religious adherent.,
"I am a Christian, Hindu, Muslim, or atheist.",
I am a Christian.,
I am a Christian/Atheist/Hindu/agnostic/etc.,
I am a Christian/Atheist/Muslim/Agnostic.,
I am a Christian/Buddist/Muslim/Atheist.,
I am a Christian/Hindu/etc.,
"I am a Christian/Jew/Muslim, etc.",
I am a Christian/Jew/Muslim/Atheist.,
I am a Christian/Jew/Muslim/etc.,
I am a Christian/Jewish/Muslim/Atheist/etc.,
I am a Christian/Jewish/Muslim/Hindu/Buddhist/etc.,
I am a Christian/Muslim/Buddhist (or any other religion).,
I am a Christian/Muslim/Buddhist/etc.,
I am a Christian/Muslim/Hindu/Atheist etc.,
I am a Christian/Muslim/Hindu/Jew.,
I am a Christian/Muslim/Hindu/Jew/etc.,
I am a Christian/Muslim/Hindu/other spiritual affiliation.,
I am a Christian/Muslim/Jew/Hindu etc.,
I am a Christian/Muslim/Jewish/Hindu/Buddhist.,
I am a Citizen of a particular nation.,
I am a College Student.,
,I am a Daughter/Son.
I am a Democrat,
I am a Democrat or Republican.,
I am a Democrat or a Republican.,
I am a Democrat.,
I am a Democrat/Republican.,
I am a Democrat/Republican/Independent,
I am a Democrat/Republican/Independent.,
I am a Democrat/Republican/Independent/etc.,
I am a Democratic voter.,
I am a Discord user.,
I am a Doctor.,
I am a First Nations person.,
,I am a Friend.
I am a Friends fan.,
I am a Gamer.,
I am a Gemini.,
I am a Gen Xer.,
I am a Hairdresser.,
I am a Hispanic.,
I am a Housewife.,
I am a Jew.,
I am a Latino.,
I am a Liberal political supporter.,
I am a Liberal.,
I am a Libertarian.,
I am a Loyalist.,
I am a Manager.,
I am a Microsoft Office user,
I am a Muscovite.,
I am a Music Lover.,
I am a Musician.,
I am a Muslim.,
I am a National Honor Society member,
I am a Native American,
I am a New Yorker,
I am a New Yorker.,
,I am a Parent.
I am a Patriot.,
I am a Pisces.,
I am a Professional.,
I am a Protestant Christian.,
I am a Registered Voter.,
I am a Religious Person.,
I am a Republican.,
I am a Runner.,
I am a Scrabble player.,
,I am a Sister.
,I am a Sister/Brother.
,I am a Son.
I am a Southerner/New Englander/Midwesterner/Westerner.,
I am a Student.,
I am a Teacher.,
I am a Traveler.,
I am a US Citizen.,
I am a US citizen,
I am a US citizen.,
I am a USA resident.,
I am a University student.,
I am a Vegetarian.,
I am a Worker.,
I am a Writer.,
I am a Yoga enthusiast.,
I am a Yoga practitioner.,
I am a artist.,
I am a artist/musician/writer/etc.,
I am a athlete.,
I am a baker.,
I am a banker.,
I am a baseball fan.,
I am a basketball fan,
I am a basketball fan.,
I am a basketball player.,
I am a believer,
I am a believer in God.,
I am a believer in ____.,
I am a believer in a certain faith,
I am a believer in a certain faith/religion.,
I am a believer in a certain religion.,
I am a believer in a particular faith or religion.,
I am a believer in a particular religion.,
I am a believer in democracy.,
I am a believer in objective morality.,
I am a believer.,
I am a biker.,
I am a biologist.,
I am a bisexual.,
I am a black belt in martial arts.,
I am a blogger.,
I am a book enthusiast.,
I am a book lover.,
I am a book reader.,
I am a book-worm.,
I am a bookworm,
I am a bookworm.,
I am a boss.,
I am a boxer.,
,I am a brother
,I am a brother of two siblings.
,I am a brother or a sister
,I am a brother or sister.
,I am a brother to two sisters.
,I am a brother.
,I am a brother/sister
,I am a brother/sister.
,I am a brother/sister/son/daughter.
I am a builder.,
I am a business owner,
I am a business owner.,
I am a business person.,
I am a business professional,
I am a business professional.,
I am a business worker.,
I am a businessman.,
I am a businessman/businesswoman.,
I am a businessperson,
I am a businessperson.,
I am a businesswoman.,
I am a cancer survivor.,
I am a car enthusiast.,
I am a career professional.,
I am a caregiver,
I am a caregiver.,
I am a caregiver/lawyer/accountant,
I am a carer.,
I am a caretaker,
I am a caretaker.,
,I am a caring neighbor.
I am a carpenter,
I am a carpenter.,
I am a cartoonist,
I am a cat lover.,
I am a cat-lover.,
I am a cat/dog owner.,
I am a certain age,
I am a certain age.,
I am a certain body type,
I am a certain ethnicity,
I am a certain ethnicity.,
I am a certain gender.,
I am a certain hobby or interest.,
I am a certain job or career.,
I am a certain level of education,
I am a certain occupation,
I am a certain occupation.,
I am a certain physical structure or physique.,
I am a certain political affiliation.,
I am a certain political party.,
I am a certain race or ethnicity.,
I am a certain race.,
I am a certain religion.,
I am a certain sexual orientation,
I am a certain sexual orientation.,
I am a certain socio-economic class.,
I am a certified scuba diver.,
I am a certified yoga instructor.,
I am a checkered enthusiast.,
I am a chef,
I am a chef or an artist.,
"I am a chef, lifelong learner, and musician.",
I am a chef.,
I am a chef/dentist/nurse,
I am a chemist.,
,I am a child
,I am a child of God.
,I am a child of immigrants.
,I am a child.
I am a church member,
I am a church member.,
I am a church musician.,
I am a church-goer.,
I am a churchgoer.,
I am a cinematographer.,
I am a cisgender female,
I am a citizen,
I am a citizen of _____.,
I am a citizen of a certain country.,
I am a citizen of a certain country/state.,
I am a citizen of a country.,
I am a citizen of a particular city.,
I am a citizen of a particular country.,
I am a citizen of a specific country.,
I am a citizen of my country of origin.,
I am a citizen of my country.,
I am a citizen of the U.S.,
I am a citizen of the United States,
I am a citizen of the United States.,
I am a citizen of the United States/United Kingdom/Germany/China etc.,
I am a citizen of the country I was born in.,
I am a citizen or resident of a certain country.,
I am a citizen or resident of a certain nation.,
I am a citizen.,
I am a city dweller or a rural person.,
I am a city dweller.,
I am a city resident.,
I am a city-dweller.,
I am a civil engineer.,
I am a classical music enthusiast.,
I am a classmate,
I am a clown.,
I am a club member.,
I am a co-worker,
I am a co-worker.,
I am a coach,
I am a coach.,
I am a coffee lover.,
,I am a colleague
,I am a colleague.
I am a collector of vinyl records.,
I am a collector.,
I am a college educated person.,
I am a college gradate.,
I am a college graduate,
I am a college graduate.,
I am a college student,
I am a college student or a professional.,
I am a college student.,
I am a college student/graduate or have a degree in a particular field.,
I am a college/university graduate.,
I am a comedian,
I am a comedian.,
I am a comic book collector.,
I am a committed team member.,
I am a community activist.,
I am a community advocate.,
I am a community member,
I am a community member.,
I am a community volunteer,
I am a community volunteer.,
I am a compassionate listener,
I am a competitive athlete.,
I am a competitive football player.,
I am a competitor.,
I am a computer programmer.,
I am a computer scientist.,
I am a conceptual thinker.,
I am a confidant.,
I am a connoisseur of a particular cuisine.,
I am a conscientious citizen.,
I am a conscientious listener.,
I am a conservationist.,
I am a conservative,
I am a conservative or a liberal.,
I am a conservative.,
I am a conservative/liberal.,
I am a consumer.,
I am a cook,
"I am a cook, teacher, and gamer.",
I am a cook.,
I am a cosplayer.,
I am a counselor.,
,I am a cousin.
,I am a coworker.
I am a craftsperson.,
I am a creative,
I am a creative individual.,
I am a creative person,
I am a creative person.,
I am a creative problem solver.,
I am a creative thinker,
I am a creative thinker.,
I am a creative.,
I am a creator,
I am a culinarian.,
I am a cultural enthusiast.,
I am a culture enthusiast.,
I am a current residence of a particular city.,
I am a custodian.,
I am a customer service representative.,
I am a customer.,
I am a cyclist,
I am a cyclist.,
I am a cyclist/runner.,
,I am a dad.
,I am a dad/mom.
I am a dancer,
I am a dancer.,
,I am a daughter
,I am a daughter / son.
,I am a daughter of two parents.
,I am a daughter or son
,I am a daughter or son.
,I am a daughter.
,I am a daughter/son
,I am a daughter/son-in-law.
,I am a daughter/son.
,I am a daughter/son/parent
,I am a daughter/son/sibling.
I am a dedicated follower of a certain political party.,
I am a dedicated sports fan,
I am a dedicated volunteer.,
I am a dedicated worker,
I am a defender of human rights.,
I am a democrat.,
I am a dentist.,
I am a descendant.,
I am a designer.,
I am a determined learner.,
I am a devoted fan of a sports team.,
I am a devotee of _____.,
I am a devout Christian.,
I am a different race.,
I am a disciple.,
I am a disciplined student.,
I am a distant relative.,
I am a doctor,
I am a doctor.,
I am a doctor/nurse.,
I am a dog lover,
I am a dog lover.,
I am a dog owner.,
I am a dog person,
I am a dog person.,
I am a dog-lover,
I am a dog-lover.,
I am a dog-owner.,
I am a dog-person.,
I am a dog/cat/pet lover,
I am a dreamer,
I am a dreamer.,
I am a drummer.,
I am a employee.,
I am a entrepreneur,
I am a entrepreneur.,
I am a environmental activist.,
I am a environmentalist.,
I am a fair negotiator.,
,I am a family member
,I am a family member.
,I am a family person.
I am a fan of a certain sports team.,
"I am a fan of a certain team, movie, music artist, or book.",
I am a fan of a particular sports team.,
I am a fan of basketball.,
I am a fan of classic novels.,
I am a fan of classic rock.,
I am a fan of football.,
I am a fan of jazz music.,
I am a fan of music,
I am a fan of rock music,
I am a fan of science fiction books.,
"I am a fan of the show ""Friends"".",
I am a fan.,
I am a farmer.,
I am a fashion enthusiast.,
I am a fashion model.,
I am a fashionista,
I am a fashionista.,
,I am a father
,I am a father (or mother).
,I am a father of two children.
,I am a father of two.
,I am a father or mother.
,I am a father.
,I am a father/mother
,I am a father/mother.
,I am a father/mother/parent.
I am a female,
I am a female or male.,
I am a female.,
I am a female/male,
I am a female/male.,
I am a feminist,
I am a feminist.,
I am a fighter.,
I am a film buff.,
I am a filmmaker.,
I am a financial advisor.,
I am a financial analyst.,
I am a financial contributor to my family.,
I am a firefighter,
I am a firefighter.,
I am a first-generation American.,
I am a first-generation immigrant.,
I am a fitness enthusiast.,
I am a follower,
I am a follower of ____.,
I am a follower of a certain faith.,
I am a follower of a particular faith,
I am a follower of a specific faith or spiritual practice.,
I am a follower of a spiritual practice.,
I am a follower of fashion.,
I am a follower.,
I am a food connoisseur.,
I am a food lover.,
I am a foodie,
I am a foodie.,
I am a football fan.,
I am a football player,
I am a freelance worker.,
,I am a friend
,I am a friend .
,I am a friend of ____.
,I am a friend of certain people.
I am a friend of nature.,
,I am a friend or family member.
,I am a friend to a certain group or persons.
,I am a friend to many.
"I am a friend, coach, and reader.",
,I am a friend.
,I am a friend/acquaintance.
,I am a friend/colleague.
,I am a friend/family member.
,I am a friend/sibling/parent/grandparent/relative.
,I am a friend/student/colleague.
I am a friendly person.,
I am a future entrepreneur.,
I am a gamer,
I am a gamer.,
I am a garden enthusiast,
I am a gardener,
I am a gardener.,
I am a gay man.,
I am a geek.,
I am a geek/nerd.,
I am a gender fluid individual.,
I am a gender.,
I am a generation or age group.,
I am a girl,
I am a girl.,
I am a girl/boy.,
I am a global citizen.,
I am a gold-star customer.,
I am a golfer,
I am a golfer.,
,I am a good friend.
I am a good listener.,
I am a good problem solver.,
I am a graduate student.,
I am a graduate.,
,I am a grandchild.
,I am a grandmother or grandfather
,I am a grandmother.
,I am a grandparent.
,I am a grandson/granddaughter.
I am a green card holder.,
I am a hairstylist.,
I am a happy person.,
I am a hard worker.,
I am a health advocate.,
I am a health enthusiast.,
I am a healthcare professional.,
I am a healthcare provider.,
I am a healthcare worker,
I am a healthcare worker.,
I am a high school graduate,
I am a high school graduate.,
I am a high school or college student.,
I am a high school student,
I am a high school student.,
I am a highly-motivated/laid back individual.,
I am a historian.,
I am a hobby or interest.,
I am a hobbyist,
"I am a hobbyist (painting, cooking, etc.).",
I am a hobbyist or craftsperson.,
I am a hobbyist.,
I am a home cook.,
I am a home maker.,
I am a home-owner.,
I am a homebrewer.,
I am a homemaker,
I am a homemaker.,
I am a homeowner,
I am a homeowner.,
I am a hometown resident,
I am a human,
I am a human being.,
I am a human rights activist.,
I am a human rights advocate.,
I am a human.,
I am a humanist.,
I am a humanitarian,
I am a humanitarian.,
I am a humorous person.,
,I am a husband
,I am a husband or a wife
,I am a husband or a wife.
,I am a husband or wife
,I am a husband or wife.
,I am a husband.
,I am a husband/wife.
,I am a husband/wife/parent.
,I am a husband/wife/partner.
I am a jazz musician.,
I am a jogger.,
I am a journeyperson.,
I am a keen photographer.,
I am a keeper of hobbies.,
I am a kind individual.,
I am a kind person.,
I am a landscaper,
I am a lawyer.,
I am a leader,
I am a leader.,
I am a learner.,
I am a left-handed person.,
I am a left-handed.,
I am a liberal,
"I am a liberal, moderate, or conservative.",
I am a liberal-minded person.,
I am a liberal.,
I am a liberal/conservative.,
I am a libertarian.,
I am a librarian.,
I am a licensed driver.,
I am a life-long learner,
I am a life-long learner.,
I am a listener.,
I am a literature lover,
I am a location.,
I am a love-seeker,
I am a lover,
I am a lover and protector of the environment.,
I am a lover of Chinese food.,
I am a lover of _____.,
"I am a lover of a certain activity, sport, or hobby.",
I am a lover of a certain sport or hobby.,
I am a lover of animals.,
"I am a lover of art, music, and/or literature.",
I am a lover of books,
I am a lover of books.,
I am a lover of languages.,
I am a lover of learning.,
I am a lover of music,
I am a lover of music.,
I am a lover of nature,
I am a lover of nature.,
I am a lover of the outdoors.,
I am a lover of the outdoors/city life.,
I am a lover.,
I am a lover/philanthropist.,
I am a loving and attentive mother.,
,I am a loving partner.
I am a loyal customer of a particular brand/store.,
,I am a loyal friend
,I am a loyal friend.
I am a loyal/trustworthy person.,
I am a male,
I am a male or female.,
I am a male.,
I am a male/female,
I am a male/female.,
I am a man,
I am a man (or woman).,
I am a man or a woman.,
I am a man or woman.,
I am a man.,
I am a man/woman.,
I am a man/woman/non-binary individual.,
I am a man/woman/non-binary person.,
I am a man/woman/other.,
I am a man/woman/person.,
I am a manager.,
I am a marathon runner,
I am a marathon runner.,
I am a marathoner.,
I am a marketer.,
,I am a married parent.
I am a married person,
I am a married person.,
I am a mathematician.,
I am a mechanic,
I am a mechanical engineer.,
I am a medic.,
I am a medical professional.,
I am a member of Jaycees,
I am a member of _____.,
I am a member of a certain age group.,
I am a member of a certain club.,
I am a member of a certain community or organization.,
I am a member of a certain community.,
I am a member of a certain culture or ethnicity.,
I am a member of a certain ethnic group.,
I am a member of a certain ethnic or religious group.,
I am a member of a certain ethnicity or race.,
I am a member of a certain faith community.,
I am a member of a certain faith.,
I am a member of a certain gender.,
I am a member of a certain group.,
I am a member of a certain organization.,
I am a member of a certain political party.,
I am a member of a certain profession.,
I am a member of a certain race or ethnicity.,
I am a member of a certain religion,
I am a member of a certain religion or faith.,
I am a member of a certain religion.,
I am a member of a certain religion/spiritual group.,
I am a member of a certain religious or spiritual group.,
I am a member of a civic organization.,
I am a member of a club or team,
I am a member of a club.,
I am a member of a club/organization.,
I am a member of a community.,
I am a member of a cultural group,
I am a member of a cultural group.,
I am a member of a faith community,
I am a member of a faith community.,
I am a member of a faith group.,
I am a member of a faith or religious group.,
I am a member of a faith tradition.,
I am a member of a faith.,
I am a member of a particular ethnic group.,
I am a member of a particular faith.,
I am a member of a particular faith/religious group.,
I am a member of a particular political group or party.,
I am a member of a particular political party or group.,
I am a member of a particular political party.,
I am a member of a particular race or ethnicity.,
"I am a member of a particular race, ethnicity, or social group.",
I am a member of a particular race/ethnicity.,
I am a member of a particular racial or ethnic group.,
I am a member of a particular religion.,
I am a member of a particular religious group.,
I am a member of a particular religious or cultural group.,
"I am a member of a particular religious, racial, or ethnic group.",
I am a member of a particular social network.,
I am a member of a political party.,
I am a member of a religion.,
I am a member of a religious denomination.,
I am a member of a religious group,
I am a member of a religious group.,
I am a member of a religious or spiritual community,
I am a member of a religious organization.,
"I am a member of a religious, spiritual, or cultural group.",
I am a member of a socio-economic class.,
I am a member of a specific community/group/organization.,
I am a member of a specific cultural/ethnic/religious group,
I am a member of a specific ethnic group.,
I am a member of a specific political party.,
I am a member of a specific religion.,
I am a member of a sports team.,
I am a member of an organization.,
I am a member of an organized sports team.,
I am a member of my community,
I am a member of my community.,
I am a member of my faith community.,
I am a member of my local community.,
I am a member of the Democratic Party.,
I am a member of the LGBT community,
I am a member of the LGBT community.,
I am a member of the LGBTQ community.,
I am a member of the LGBTQ+ community.,
I am a member of the community.,
I am a member of the local community theater.,
I am a member of various clubs/communities/causes.,
"I am a member of various cultural, religious, political and social groups.",
I am a mentor,
I am a mentor.,
I am a mentor/mentee.,
I am a middle-aged adult.,
I am a middle-aged man,
I am a middle-aged woman.,
I am a middle-class American.,
I am a military veteran.,
I am a millennial.,
I am a millionaire,
"I am a mixture of physical, mental and spiritual characteristics",
,I am a mom
,I am a mom.
I am a morning person.,
,I am a mother
,I am a mother of two
,I am a mother or father.
,"I am a mother, father, or caregiver."
,I am a mother.
,I am a mother/father
,I am a mother/father.
,I am a mother/father/parent.
"I am a motivated, organized, or patient person.",
I am a motorcyclist,
I am a movie buff.,
I am a movie enthusiast.,
I am a movie fan.,
I am a muscian.,
I am a music aficionado.,
I am a music enthusiast.,
I am a music fan,
I am a music fan.,
I am a music lover,
I am a music lover.,
I am a music producer.,
I am a music-lover.,
I am a musician,
I am a musician or a visual artist.,
I am a musician.,
I am a musician/artist.,
I am a musician/singer.,
I am a nationality.,
I am a native of a particular region or location.,
I am a natural leader.,
I am a nature enthusiast.,
I am a nature lover,
I am a nature lover.,
I am a nature photographer.,
I am a nature-lover.,
I am a negotiator.,
,I am a neighbor
,I am a neighbor.
I am a neighbor/citizen.,
I am a new student.,
I am a novelist.,
I am a nurse,
I am a nurse.,
I am a nurse/doctor.,
I am a owner of a business.,
I am a pacifist.,
I am a painter.,
I am a pal.,
,I am a parent
,I am a parent of two children.
,I am a parent or a single adult.
,I am a parent or a son/daughter.
,I am a parent to a certain number of children.
,"I am a parent, aunt, or uncle."
,I am a parent.
,I am a parent/caregiver.
,I am a parent/child.
,I am a parent/childless
,I am a parent/guardian.
,I am a parent/non-parent.
I am a part-time worker.,
I am a particular culture/ethnicity.,
I am a particular political party supporter/member.,
,I am a partner
,I am a partner.
I am a party-goer.,
I am a passionate advocate for social justice.,
I am a passionate chef.,
I am a passionate cook.,
I am a passionate leader.,
I am a passionate person.,
I am a passionate reader.,
I am a passionate/ambitious person.,
I am a pastor.,
I am a patient,
I am a patriot of my country.,
I am a patriot.,
I am a penny pincher.,
I am a people-pleaser/reserved person.,
I am a perfectionist.,
I am a person,
I am a person in my 20s,
I am a person of color,
I am a person of color.,
I am a person of faith,
I am a person of faith.,
I am a person who likes to help others,
I am a person who loves to travel.,
I am a person with a disability,
"I am a person with ancestors, a past and a legacy",
I am a person with disabilities.,
I am a person with particular interests and hobbies.,
I am a person with specific interests.,
I am a person.,
I am a personality type.,
I am a pet lover.,
I am a pet owner.,
I am a pet parent.,
I am a pet-owner,
I am a pet-owner.,
I am a pharmacist.,
I am a philanthropist,
I am a philanthropist.,
I am a philosopher.,
I am a photographer,
I am a photographer.,
I am a physician,
I am a physician.,
I am a physicist.,
I am a pianist.,
I am a plant enthusiast.,
I am a plumber.,
I am a poet.,
I am a political activist,
I am a political activist.,
I am a political affiliation.,
I am a political independent.,
I am a political party member,
I am a political/social activist.,
I am a politically minded person.,
I am a politician.,
I am a positive and optimistic person,
I am a powerlifter.,
I am a practitioner of _____.,
I am a practitioner of a particular art/sport/hobby.,
I am a prep cook.,
I am a presenter.,
I am a priest.,
I am a problem solver.,
I am a professional,
I am a professional ____.,
I am a professional accountant.,
I am a professional athlete.,
I am a professional dancer.,
I am a professional in a certain field.,
I am a professional in a corporate office.,
I am a professional in the field of Information Technology.,
I am a professional in the field of my choice.,
I am a professional in the finance industry.,
I am a professional programmer.,
I am a professional web developer.,
"I am a professional, an artist, an athlete, etc.",
I am a professional.,
I am a professional/non-professionala.,
I am a professional/occupied in a certain field.,
I am a professional/unemployed.,
I am a professor.,
I am a programmer,
I am a programmer.,
I am a programmer/engineer.,
I am a progressive.,
I am a protector of the environment.,
I am a proud American.,
I am a proud alumnus of a university.,
I am a proud citizen.,
I am a proud member of my community,
,I am a proud parent
,I am a proud parent.
I am a psychiatrist.,
I am a public school teacher.,
I am a published author,
I am a published author.,
I am a puppy-lover.,
I am a puzzler.,
I am a racial minority.,
I am a reader,
I am a reader of non-fiction books.,
I am a reader.,
I am a reader/writer.,
I am a recreational athlete or a sports enthusiast.,
I am a recreational athlete.,
I am a redhead.,
I am a registered Democrat voter.,
I am a registered nurse,
I am a registered nurse.,
,I am a relative
,I am a relative.
,I am a reliable friend
I am a religion.,
I am a religious adherent.,
I am a religious believer.,
I am a religious faith community member,
I am a religious follower,
I am a religious follower.,
I am a religious leader.,
I am a religious member.,
I am a religious minority.,
I am a religious person,
I am a religious person.,
I am a religious practitioner.,
I am a religious worshiper,
I am a religious worshipper.,
I am a religious/non-religious believer,
I am a renter.,
I am a researcher,
I am a researcher.,
I am a resident of Colorado.,
I am a resident of _____ City.,
I am a resident of a certain area or neighborhood.,
I am a resident of a certain city or state.,
I am a resident of a certain city.,
I am a resident of a certain city/state.,
I am a resident of a certain city/town/area.,
I am a resident of a certain community.,
I am a resident of a particular area.,
I am a resident of a particular city or state.,
I am a resident of a particular city.,
I am a resident of a particular city/town/state.,
I am a resident of a specific region or city.,
I am a resident.,
I am a respected leader.,
I am a responsible and informed voter.,
I am a responsible citizen with rights and obligations,
I am a restaurant manager.,
I am a retail employee.,
I am a retired professional.,
I am a retiree.,
I am a right-handed individual.,
I am a risk taker.,
I am a risk-taker,
I am a risk-taker.,
I am a robot enthusiast.,
I am a rock climber,
I am a role model.,
I am a rugby player.,
I am a runner,
I am a runner.,
I am a sailor.,
I am a salesperson.,
I am a savior of animals.,
I am a scholar.,
I am a science enthusiast.,
I am a science lover.,
I am a scientist,
"I am a scientist, engineer, or technician.",
I am a scientist.,
I am a scientist/engineer/programmer,
I am a seeker of knowledge.,
I am a self-made person,
I am a senior,
I am a senior citizen.,
I am a servant of God.,
I am a sexuality.,
I am a short-order cook.,
,I am a sibling
,I am a sibling of someone.
,I am a sibling.
I am a singer,
I am a singer.,
,I am a single parent
,I am a single parent.
I am a single person.,
"I am a single, young adult",
,I am a sister
,I am a sister (or brother).
,I am a sister / brother.
,I am a sister or brother.
,I am a sister.
,I am a sister/brother
,I am a sister/brother.
,I am a sister/brother/sibling/friend.
I am a skeptic.,
I am a small business owner.,
I am a smoker.,
I am a soccer coach.,
I am a soccer fan.,
I am a soccer player.,
I am a social activist.,
I am a social media user.,
I am a social thinker,
I am a social worker.,
I am a socialist.,
I am a sociologist.,
I am a software developer.,
I am a software engineer.,
I am a soldier,
I am a soldier.,
,I am a son
,I am a son (or daughter).
,I am a son / daughter.
,I am a son of single mother.
,I am a son or a daughter
,I am a son or daughter
,I am a son or daughter.
,"I am a son, daughter, brother, or sister."
,"I am a son, daughter, or sibling."
,I am a son.
,I am a son/daughter
,I am a son/daughter of ____.
,I am a son/daughter of _____.
,I am a son/daughter of my parents.
,I am a son/daughter.
,I am a son/daughter/child.
,I am a son/daughter/daughter-in-law/son-in law
,I am a son/daughter/mother/father.
,I am a son/daughter/nephew/niece.
,I am a son/daughter/parent
,I am a son/daughter/parent/brother/sister.
,I am a son/daughter/parent/friend.
I am a spiritual being,
I am a spiritual leader.,
I am a spiritual or meditator.,
I am a spiritual practitioner.,
I am a spiritual seeker.,
I am a spiritual/religious being.,
I am a spiritualist.,
I am a sport enthusiast.,
I am a sport's fan.,
I am a sports enthusiast,
I am a sports enthusiast.,
I am a sports enthusiast/gamer/outdoorsman/other hobbyist.,
I am a sports fan,
I am a sports fan.,
I am a sports fan/political enthusiast/ gamer.,
I am a sports lover.,
I am a sports player.,
I am a sportsman.,
I am a sportsman/athlete.,
,I am a spouse
,I am a spouse.
,I am a spouse/partner/friend.
I am a stay at home mom.,
I am a stay-at-home parent.,
I am a strong independent person.,
I am a strong independent woman,
I am a student,
I am a student at a nearby college.,
I am a student leader.,
I am a student of a particular school.,
I am a student of a particular subject.,
I am a student of business studies.,
I am a student of history.,
I am a student of philosophy,
I am a student of the Arts.,
I am a student or a professional.,
I am a student or scholar.,
I am a student or working professional.,
"I am a student, teacher, employee, or entrepreneur.",
,"I am a student, wife, and mother."
I am a student-athlete,
I am a student-athlete.,
I am a student.,
I am a student/graduate of _____.,
I am a student/graduate/scholar.,
I am a student/professional.,
I am a student/recent graduate.,
I am a student/teacher.,
I am a student/teacher/businessperson,
I am a student/teacher/employee.,
I am a student/teacher/professor.,
I am a student/worker.,
I am a successful entrepreneur/executive.,
I am a supporter,
I am a supporter of LGBTQ rights.,
I am a supporter of LGBTQ+ rights.,
I am a supporter of a certain cause or movement.,
I am a supporter of a specific artistic medium.,
I am a supporter of education.,
I am a supporter of human rights,
I am a supporter of workers' rights.,
I am a supporter.,
I am a surfer,
I am a surfer.,
I am a survivor,
I am a swimmer.,
I am a taxpayer.,
I am a teacher,
I am a teacher.,
I am a teacher/coach.,
I am a teacher/lawyer/doctor/etc.,
I am a teacher/nurse/lawyer.,
I am a teacher/student.,
I am a team member.,
I am a team player.,
I am a team-player.,
I am a teammate,
I am a tech enthusiast.,
I am a techie,
I am a technology enthusiast.,
I am a technology geek.,
I am a technophile.,
I am a teenager,
I am a teenager.,
I am a therapist.,
I am a thinker.,
I am a travel enthusiast.,
I am a traveler,
I am a traveler or adventurer.,
I am a traveler.,
I am a traveler/family member/friend,
I am a traveler/local.,
I am a traveller.,
I am a triathlete.,
,I am a twin.
I am a union worker.,
I am a university graduate.,
I am a university student.,
I am a valedictorian.,
I am a vegan,
I am a vegan.,
I am a vegan/vegetarian/meat eater.,
I am a vegan/vegetarian/meat-eater.,
I am a vegetarian,
I am a vegetarian.,
I am a vegetarian/vegan/meat-eater.,
I am a vegetarian/vegan/pescatarian.,
I am a veteran.,
I am a veterinarian.,
I am a victim of bullying,
I am a video game enthusiast,
I am a volunteer,
I am a volunteer at a homeless shelter.,
I am a volunteer at a local charity.,
I am a volunteer at a local shelter.,
I am a volunteer for a local charity.,
I am a volunteer in different organizations.,
I am a volunteer in my community.,
I am a volunteer in my local community,
I am a volunteer in my local community.,
I am a volunteer or activist in a particular cause.,
"I am a volunteer, yogi, and hiker.",
I am a volunteer.,
I am a volunteer/mentor.,
I am a volunteer/philanthropist.,
I am a voracious reader,
I am a voter,
I am a voter.,
I am a warrior.,
I am a white male.,
,I am a wife
,I am a wife.
,I am a wife/husband.
I am a wine connoisseur.,
I am a woman,
"I am a woman, South Asian, and Muslim.",
"I am a woman, man, transgender, or non-binary individual.",
I am a woman.,
I am a woman/man.,
I am a worker,
I am a worker in a certain field.,
I am a worker.,
I am a worker/businessman/businesswoman.,
I am a working professional.,
I am a world citizen,
I am a world traveler.,
I am a world traveller.,
I am a writer,
I am a writer.,
I am a writer/artist.,
I am a writer/blogger.,
I am a yoga enthusiast.,
"I am a yoga practitioner, science lover, and vegan.",
I am a yogi.,
I am a young adult.,
I am a young person.,
I am a youth advocate.,
I am adventurous.,
I am agender.,
I am allergic to dairy.,
I am always willing to learn.,
I am ambitious.,
I am an 18-year-old.,
I am an African American,
I am an African American.,
I am an African-American,
I am an African-American.,
I am an American,
I am an American (or nationality).,
I am an American Citizen.,
I am an American citizen.,
I am an American or a citizen of a particular country.,
I am an American or a citizen of a particular nation.,
I am an American.,
I am an American/Canadian/British/etc.,
I am an American/Canadian/Chinese/etc.,
I am an American/Canadian/Mexican (or any other nationality).,
I am an American/Canadian/Mexican etc.,
I am an American/Chinese/Japanese/etc.,
I am an American/Mexican/Canadian/Australian/etc.,
I am an American/[insert nationality].,
I am an American/citizen of a particular country.,
I am an Artist.,
I am an Asian,
I am an Asian-American.,
I am an Asian.,
I am an Athlete.,
,I am an Aunt.
I am an Engineer.,
I am an Environmentalist.,
I am an Hispanic.,
I am an IT Professional.,
I am an LGBTQ+ ally,
I am an LGBTQ+ individual.,
I am an LGBTQ+ person.,
I am an X-Box player.,
I am an abstract painter.,
I am an accomplished ____.,
I am an accountant,
I am an accountant.,
I am an active athlete.,
I am an active learner who loves travelling.,
I am an active listener.,
I am an active member of a church.,
I am an active member of a religious community.,
I am an active participant in my community.,
I am an active participant in politics,
I am an activist,
I am an activist or advocate.,
I am an activist.,
I am an admirer of ____.,
I am an adult,
I am an adult.,
I am an adventurer.,
I am an advocate,
I am an advocate for ____.,
I am an advocate for _____.,
I am an advocate for a cause.,
I am an advocate for a certain cause/ideology.,
I am an advocate for a specific cause.,
I am an advocate for certain causes.,
I am an advocate for community growth.,
I am an advocate for justice.,
I am an advocate for political or social change.,
I am an advocate for social causes.,
I am an advocate for social justice.,
I am an advocate for the cause I believe in.,
I am an advocate.,
I am an age.,
I am an aging baby boomer.,
I am an alcoholic.,
I am an ally,
I am an alumna/alumnus of a certain university.,
I am an amateur athlete.,
I am an amateur chef.,
I am an amateur cook.,
I am an amateur musician.,
I am an amateur photographer.,
I am an amateur runner,
I am an analytical problem-solver.,
I am an animal lover,
I am an animal lover.,
I am an animal rights activist.,
I am an animal rights advocate,
I am an army veteran.,
I am an art enthusiast who appreciates creativity.,
I am an artist,
I am an artist and/or a writer.,
I am an artist of a particular craft.,
I am an artist or musician.,
"I am an artist, entrepreneur, and outdoors enthusiast.",
"I am an artist, writer, or musician.",
I am an artist.,
I am an artist/actor/musician/writer,
I am an artist/athlete/businessman/musician/writer.,
I am an artist/athlete/writer/musician,
I am an artist/creator.,
I am an artist/musician.,
I am an artist/musician/athlete (or any other occupation).,
I am an artist/musician/athlete/professional.,
I am an artist/musician/writer.,
I am an artist/musician/writer/etc.,
I am an artist/musician/writer/other creative practice.,
I am an artist/scientist/engineer.,
I am an aspiring entrepreneur.,
I am an aspiring musician,
I am an atheist,
I am an atheist.,
I am an athlete,
"I am an athlete, artist, musician, or writer.",
"I am an athlete, writer, and traveler.",
I am an athlete.,
I am an athlete/artist.,
I am an athlete/artist/musician/writer/etc.,
I am an athlete/financier/entrepreneur,
I am an athlete/gym goer.,
,I am an aunt
,I am an aunt or uncle
,I am an aunt or uncle.
,I am an aunt.
,I am an aunt/uncle
,I am an aunt/uncle.
I am an author,
I am an author.,
I am an average American.,
I am an average person,
I am an average person.,
I am an average sized man.,
I am an avid novel reader.,
I am an avid reader,
I am an avid reader.,
I am an avid sports fan.,
I am an avid supporter of _____.,
I am an early bird.,
I am an earthling.,
I am an educated adult.,
I am an educated professional.,
I am an educated/uneducated person.,
I am an educator.,
I am an educator/student,
,I am an elder.
,I am an eldest child.
I am an employed individual.,
I am an employee,
I am an employee at a specific company.,
I am an employee in a certain job role.,
I am an employee of a certain company.,
I am an employee of a particular company.,
I am an employee or employer.,
I am an employee.,
I am an employee/employer.,
I am an employee/employer/self employed.,
I am an employee/entrepreneur.,
I am an employer,
I am an employer.,
I am an engineer,
I am an engineer.,
I am an enthusiast.,
I am an enthusiastic reader.,
I am an enthusiastic supporter of my team.,
I am an entrepreneur,
"I am an entrepreneur, life advisor, and gardener.",
I am an entrepreneur.,
I am an environmental activist.,
I am an environmental advocate.,
I am an environmentalist,
I am an environmentalist.,
I am an ethnic group member,
I am an ethnic minority.,
I am an ethnic or national minority.,
I am an ethnic/racial/cultural identity.,
I am an experienced professional.,
I am an explorer.,
I am an extrovert,
I am an extrovert.,
I am an female.,
I am an immigrant.,
I am an independent and open-minded individual.,
I am an independent individual,
I am an independent thinker,
I am an independent thinker.,
I am an individual,
I am an individual of an African ethnic background.,
I am an individual with certain values.,
I am an individual with unique cultural perspectives.,
"I am an individual with unique talents, abilities, and gifts.",
"I am an individual with unique talents, skills and abilities.",
"I am an individual with unique talents, values, beliefs and opinions",
I am an individual.,
I am an inhabitant of _____.,
I am an innovator.,
I am an intellectual.,
I am an introspective artist.,
I am an introvert,
I am an introvert or extrovert.,
I am an introvert.,
I am an introvert/extrovert.,
I am an introvert/extrovert/ambivert.,
I am an investor in certain companies/ventures/properties.,
I am an occupation.,
,I am an older sister.
,I am an only child.
I am an optimist with a healthy lifestyle.,
I am an optimist.,
I am an optimist/pessimist/realist.,
I am an organized planner.,
I am an organizer.,
I am an ornithologist,
I am an outdoor enthusiast,
I am an outdoor enthusiast.,
I am an outdoors enthusiast.,
I am an outdoors-lover.,
I am an outdoorsman.,
,I am an uncle.
,I am an uncle/aunt
,I am an uncle/aunt.
I am an undergraduate.,
I am an vegan.,
I am art enthusiast/sports enthusiast.,
I am artist.,
I am artistic.,
I am atheist,
I am athletic.,
I am athletically inclined.,
I am bilingual.,
I am biologist.,
I am bisexual,
I am bisexual.,
I am bisexual/gay/straight/lesbian.,
I am black,
I am black.,
I am blunt.,
,I am brother.
I am cisgender.,
I am college student,
I am college-educated.,
I am comfortable with being uncomfortable.,
I am committed to improving my community,
I am compassionate.,
I am confident.,
I am conservative,
I am courteous.,
I am creative.,
I am curious.,
,I am daughter.
I am dedicated to a particular religious faith.,
I am diligent.,
I am disabled.,
"I am educated, constantly learning and growing",
I am educated.,
I am emotionally and spiritually intelligent.,
I am empathetic,
I am empathetic and compassionate,
I am employed in a certain profession.,
I am employed in a specific profession or field.,
I am employed.,
I am every religion.,
I am extroverted,
I am extroverted.,
I am extroverted/introverted.,
I am extroverted/introverted/nerdy.,
I am female,
I am female.,
I am financially independent.,
I am five feet tall.,
I am fluent in Spanish.,
,I am friend.
I am friendly.,
I am from Michigan.,
I am from South Carolina.,
I am from Texas.,
I am from a certain city.,
I am from a certain city/town/country.,
I am from a certain country or region.,
I am from a certain country.,
,I am from a certain family.
I am from a certain region.,
I am from a particular country.,
I am from a particular cultural background.,
I am from a particular cultural or ethnic background.,
I am from a particular culture,
I am from a specific geography or culture.,
I am from a specific state in the U.S.,
I am from the Midwest,
I am from the Midwest.,
I am from the U.S.,
I am from the United States.,
I am from the United States/England/Canada.,
I am from the city/suburbs.,
I am from the state of Georgia.,
I am funny.,
I am gay,
I am gay.,
I am gay/straight/bisexual.,
I am gender-fluid.,
I am goal-oriented.,
I am hard-working.,
I am heterosexual,
I am heterosexual or homosexual.,
I am heterosexual.,
I am heterosexual/homosexual/bisexual/asexual/pansexual,
I am high school educated.,
I am homosexual.,
I am honest.,
I am humorous.,
I am in a particular age/social demographic.,
I am in college.,
I am independent.,
I am inquisitive.,
I am intelligent.,
I am into sports.,
I am intuitive.,
I am involved in a particular hobby.,
I am kind.,
I am left-handed,
I am left-handed.,
I am left-handed/right-handed.,
I am lesbian.,
I am liberal,
I am liberal.,
I am living in a certain region or town.,
I am loyal,
I am loyal.,
I am male,
I am male or female.,
I am male.,
I am male/female.,
I am male/female/non-binary,
I am male/female/nonbinary/other.,
I am married,
I am married or single.,
I am married.,
I am married/single,
I am married/single.,
I am mid-thirties,
I am musical.,
I am my age,
I am my age.,
I am my background.,
I am my beliefs or political views.,
I am my beliefs.,
I am my cultural or national background.,
I am my educational background.,
I am my ethnicity.,
I am my family history.,
,I am my family member.
"I am my gender identity (male, female, etc.)",
I am my gender identity.,
I am my gender.,
I am my hair color.,
"I am my height, ethnicity, and gender.",
I am my height.,
I am my hobbies and interests.,
I am my hobbies or interests.,
I am my interests.,
I am my job title and occupation.,
I am my linguistic abilities and dialect,
I am my marital status.,
I am my musical taste.,
I am my name.,
I am my nationality,
I am my nationality.,
I am my native language.,
I am my occupation,
I am my occupation.,
"I am my own person, with my own thoughts and ideas.",
I am my own person.,
I am my own unique self.,
,I am my parent’s son or daughter.
I am my personal tastes.,
I am my personality.,
I am my political and religious views,
I am my political preference.,
I am my political views.,
I am my preferences.,
I am my profession.,
I am my race,
I am my race or ethnicity.,
I am my race.,
I am my race/ethnicity.,
I am my religion or belief system.,
I am my religion.,
I am my religion/spiritual belief system.,
I am my sense of humor,
I am my sexual orientation.,
I am my shoe size.,
I am my style and clothing,
I am my values and beliefs.,
I am my values and principles.,
I am non-binary,
I am of African descent.,
I am of Asian descent.,
I am of Hispanic descent.,
I am of Italian descent.,
I am of a certain ethnicity or race.,
I am of a certain faith,
I am of a certain faith or spiritual belief.,
I am of a certain nationality,
I am of a certain political party or ideology.,
I am of a certain political persuasion,
I am of a certain race.,
I am of a certain race/ethnicity,
I am of a certain religion.,
I am of a certain religion/no religion,
I am of a certain religious faith.,
I am of a particular gender,
I am of a particular gender.,
I am of a particular race or ethnicity.,
I am of a particular race.,
I am of a particular religious belief.,
I am of a particular religious faith.,
I am of a particular social class or economic status.,
I am of a specific ethnic or racial background.,
I am old,
I am old.,
I am older,
I am open minded.,
I am open to life’s challenges and new experiences,
I am open-minded.,
I am optimistic.,
I am organized.,
I am outgoing and friendly.,
I am outgoing.,
I am pansexual.,
I am part of a certain community.,
I am part of a certain political belief or ideology.,
I am part of a certain race or ethnicity.,
I am part of a certain religion or spiritual practice.,
I am part of a religious belief system.,
I am part of a social movement.,
I am passionate about environmental issues,
I am passionate about environmentalism.,
I am passionate about learning.,
I am passionate.,
I am philosophical.,
I am political.,
I am politically active.,
I am politically conservative.,
I am politically independent.,
I am politically progressive.,
I am professional.,
I am proud to be a parent.,
I am reliable.,
I am religious,
I am religious or spiritual.,
I am religious.,
I am religious/non-religious.,
I am religious/spiritual.,
I am retired.,
I am right-handed.,
I am scientific.,
I am self-employed.,
I am selfless.,
I am sensible.,
I am sensitive to my environment and the issues around me.,
I am short,
I am shy,
I am single,
"I am single, married, divorced, or widowed.",
I am single.,
,I am sister.
I am skilled in a certain profession.,
I am socially active.,
I am someone who frequently volunteers in my community.,
I am someone who loves animals.,
I am someone who loves learning,
I am someone who values family.,
,I am son.
I am spiritual,
I am spiritual.,
I am straight,
I am straight.,
I am strong-willed.,
I am student.,
I am tall,
I am tall.,
I am tall/short.,
I am teacher.,
I am tech savvy/not tech savvy.,
,I am the daughter of two doctors.
,I am the middle child.
,I am the oldest child in my family.
,I am the oldest of three children.
,"I am the oldest, youngest, or only child in my family."
,I am the proud parent of two.
,I am the son of a single mother.
I am thoughtful.,
I am transgender,
I am transgender.,
I am vegan.,
I am vegetarian.,
I am where I was born.,
I am white,
I am white.,
I am young,
I am young.,
I am young/middle-aged/elderly.,
I am younger,
