Original_ID,Name,English,Farsi,Chinese,Spanish,Spanish curation by DEB
7,core_2,"Here is a list of qualities that children are encouraged to learn at home. Which, if any, would you mention as especially important? Choose a maximum of 5 from the list below.
1. Good manners
2. Independence
3. Hard work
4. Feeling of responsibility
5. Imagination
6. Tolerance and respect for other people
7. Thrift, saving money and things
8. Determination, perseverance
9. Religious faith
10. Not being selfish (unselfishness)
11. Obedience","در اینجا لیستی از خصوصیاتی که کودکان برای یادگیری در خانه تشویق می شوند ، آورده شده است. در صورت وجود ، کدام یک را به خصوص مهم می دانید؟ حداکثر 5 را از لیست زیر انتخاب کنید.
1. رفتارهای خوب
2. استقلال
3. کار سخت
4. احساس مسئولیت
5. تخیل
6. تحمل و احترام به افراد دیگر
7. پرش ، پس انداز پول و چیزها
8. عزم ، پشتکار
9. ایمان مذهبی
10. خودخواه بودن (خودخواهی)
11. اطاعت","这是鼓励儿童在家学习的素质清单。您会提到哪个（如果有的话）特别重要？从下面的列表中选择最多5。
1.良好的举止
2.独立
3.努力工作
4.责任感
5.想象力
6.容忍和尊重他人
7.节俭，省钱和东西
8.决心，毅力
9.宗教信仰
10.不自私（无私）
11.服从","Aquí hay una lista de cualidades que se alienta a los niños a aprender en casa. ¿Qué, si es que lo hay, mencionarías como especialmente importante? Elija un máximo de 5 de la lista a continuación.
1. Buenos modales
2. Independencia
3. Trabajo duro
4. Sentimiento de responsabilidad
5. Imaginación
6. Tolerancia y respeto por otras personas
7. ahorro, ahorro de dinero y cosas
8. Determinación, perseverancia
9. Fe religiosa
10. No ser egoísta (desinteresado)
11. Obediencia",